Name;Musik;Englisch;Sport;Chemie;Deutsch;Geschichte;Mathe;Biologie;Physik;Erdkunde;Kunst
Max Mustermann;2;4;1;2;3;3;1;2;1;2;3
Alfred Norm;1;3;2;4;5;6;2;3;5;2;1
Gorgina Hansemann;3;2;3;2;1;2;2;1;3;3;2
Lisa Jodel;4;1;6;4;2;2;3;1;4;5;6
Franz Herrmann;2;3;4;5;1;2;3;5;4;6;2
Timo Kanne;5;4;2;6;1;2;3;5;2;2;6
Andreas Streber;2;1;1;1;1;1;1;1;1;2;2
Florian Doce;2;5;1;3;4;2;1;2;3;4;2
Anemarie Baum;2;2;2;2;2;2;2;2;2;2;2
Uwe Kuhn ;2;3;1;2;3;1;2;1;3;1;2
Marco Schneider;1;2;1;2;3;2;1;2;1;2;3
Mila Kuh;3;2;4;1;2;3;1;2;6;1;2
Robert Flasche ;3;1;2;4;2;1;2;3;2;1;2
Toni Glas ;2;4;3;2;1;3;2;4;2;3;4
Emanuele Klein;3;2;3;2;4;2;5;2;3;2;3
Ralph Rotz ;4;3;5;2;1;3;6;2;3;2;2
Bernd Schmid;5;1;6;2;1;2;1;1;1;2;4
Steffanie Bontze;2;3;2;1;2;3;4;2;2;2;3
Ursula Dietrich ;2;4;1;3;2;1;2;3;3;2;2
Fridolin Herbert ;4;3;3;3;2;3;2;3;2;4;2
Horst Lacher;2;3;2;3;2;2;2;3;1;2;4
Matthias Gewitz;6;2;3;2;4;2;3;2;2;1;2
Monika Moller;1;2;5;2;1;2;1;2;3;3;2
Ulrich Meister ;2;4;3;6;1;2;3;5;2;1;2
Marcel Seiler ;2;4;1;3;2;3;1;2;3;5;2
Hannah Herold;2;3;1;2;3;2;4;2;3;2;1
Natascha Herold;2;3;1;2;3;2;3;1;4;3;1
Gerhard Loose ;2;3;2;3;2;3;3;2;1;2;1
Xavier Xylophe;4;2;1;3;5;6;2;1;3;2;1
